group,n_conv,n_utt,tone,related_amount,unrelated_amount
G10,4,406,-0.1060863677363526,0.1206896551724138,0.0
G11,4,376,0.0064549099748701,0.2047872340425532,0.0
G12,6,604,0.0429301037756103,0.1539735099337748,0.0016556291390728
G15,3,144,-0.0083210723257959,0.2013888888888889,0.0
G16,2,90,0.2259844927091358,0.1555555555555555,0.0
G17,3,233,-0.1266747392412243,0.2660944206008583,0.0
G18,3,132,-0.0280905738331829,0.3106060606060606,0.0
G19,3,294,-0.0634848142445062,0.1496598639455782,0.0
G01,5,424,-0.0017433540993326,0.1061320754716981,0.0
G02,6,286,-0.0394570875902321,0.1118881118881118,0.0
G03,2,341,-0.0414931037192863,0.064516129032258,0.0
G04,3,316,-0.0183651050614617,0.1518987341772152,0.0
G05,3,143,-0.0736740094274152,0.2517482517482518,0.0
G06,3,308,-0.0974725832960072,0.1103896103896103,0.0
G07,3,346,0.025710167916427,0.176300578034682,0.0
G08,3,415,-0.0184769626650734,0.0746987951807229,0.0
G09,3,332,-0.0487175571559703,0.1204819277108433,0.0
